{"cameraMode":{"drawMode":0,"name":"Shaded","section":"Shading Mode"},"sceneLighting":false,"audioPlay":false,"sceneViewState":{"m_AlwaysRefresh":false,"showFog":true,"showSkybox":false,"showFlares":true,"showImageEffects":true,"showParticleSystems":true,"showVisualEffectGraphs":true,"m_FxEnabled":true},"in2DMode":false,"pivot":{"x":-3.825892925262451,"y":1.115309715270996,"z":9.416526794433594},"rotation":{"x":0.08719918131828308,"y":0.00030943265301175416,"z":-0.000026992767743649893,"w":0.9961951375007629},"size":69.16436767578125,"orthographic":false}